[
    {
        "id": "86fce88e.7b2fd8",
        "type": "tab",
        "label": "Get / Put"
    },
    {
        "id": "c801c932.de20b8",
        "type": "mqtt-broker",
        "z": "",
        "broker": "10.20.92.32",
        "port": "1883",
        "clientid": "",
        "usetls": false,
        "compatmode": true,
        "keepalive": "60",
        "cleansession": true,
        "willTopic": "",
        "willQos": "0",
        "willPayload": "",
        "birthTopic": "",
        "birthQos": "0",
        "birthPayload": ""
    },
    {
        "id": "3bf35c7.7cf98a4",
        "type": "http response",
        "z": "86fce88e.7b2fd8",
        "name": "Luz",
        "x": 885,
        "y": 157,
        "wires": []
    },
    {
        "id": "9fab3f14.9fa09",
        "type": "http in",
        "z": "86fce88e.7b2fd8",
        "name": "",
        "url": "/led",
        "method": "put",
        "swaggerDoc": "",
        "x": 156,
        "y": 425,
        "wires": [
            [
                "b0d3647a.8ddd08"
            ]
        ]
    },
    {
        "id": "5b422bd6.0682a4",
        "type": "switch",
        "z": "86fce88e.7b2fd8",
        "name": "Color in JSON",
        "property": "statusCode",
        "propertyType": "msg",
        "rules": [
            {
                "t": "eq",
                "v": "200",
                "vt": "num"
            }
        ],
        "checkall": "true",
        "outputs": 1,
        "x": 462,
        "y": 516,
        "wires": [
            [
                "46852721.05c638"
            ]
        ]
    },
    {
        "id": "46852721.05c638",
        "type": "mqtt out",
        "z": "86fce88e.7b2fd8",
        "name": "",
        "topic": "fiap/lab/902/grupo/09/maquina/32/comandos",
        "qos": "1",
        "retain": "",
        "broker": "c801c932.de20b8",
        "x": 833,
        "y": 470,
        "wires": []
    },
    {
        "id": "b0d3647a.8ddd08",
        "type": "function",
        "z": "86fce88e.7b2fd8",
        "name": "Case Color",
        "func": "if(\"color\" in msg.payload){\n    msg.statusCode = 200;\n        \n    switch(msg.payload.color){\n        case(\"BLACK\"):\n            msg.payload = {\"cmd\":{\"red\":0,\"green\":0,\"blue\":0}};\n            break;\n        case(\"WHITE\"):\n            msg.payload = {\"cmd\":{\"red\":255,\"green\":255,\"blue\":255}};\n            break;\n        case(\"RED\"):\n            msg.payload = {\"cmd\":{\"red\":255,\"green\":0,\"blue\":0}};\n            break;\n        case(\"GREEN\"):\n            msg.payload = {\"cmd\":{\"red\":0,\"green\":255,\"blue\":0}};\n            break;\n        case(\"BLUE\"):\n            msg.payload = {\"cmd\":{\"red\":0,\"green\":0,\"blue\":255}};\n            break;\n        case(\"ORANGE\"):\n            msg.payload = {\"cmd\":{\"red\":255,\"green\":64,\"blue\":0}};\n            break;\n        case(\"YELLOW\"):\n            msg.payload = {\"cmd\":{\"red\":255,\"green\":255,\"blue\":0}};\n            break;\n        case(\"CIAN\"):\n            msg.payload = {\"cmd\":{\"red\":0,\"green\":255,\"blue\":255}};\n            break;\n        case(\"PURPLE\"):\n            msg.payload = {\"cmd\":{\"red\":255,\"green\":0,\"blue\":255}};\n        break;\n    }\n}else{\n    msg.statusCode = 400;\n    msg.payload = \"Bad request format\";\n}\nreturn msg;",
        "outputs": 1,
        "noerr": 0,
        "x": 259,
        "y": 581,
        "wires": [
            [
                "5b422bd6.0682a4",
                "f1415fe1.6fff5",
                "b1ddb72.d37ec48"
            ]
        ]
    },
    {
        "id": "f1415fe1.6fff5",
        "type": "http response",
        "z": "86fce88e.7b2fd8",
        "name": "",
        "x": 540,
        "y": 626,
        "wires": []
    },
    {
        "id": "2cfc0ab8.9d1e46",
        "type": "inject",
        "z": "86fce88e.7b2fd8",
        "name": "",
        "topic": "",
        "payload": "{\"color\":\"WHITE\"}",
        "payloadType": "json",
        "repeat": "",
        "crontab": "",
        "once": false,
        "x": 146,
        "y": 678,
        "wires": [
            [
                "b0d3647a.8ddd08"
            ]
        ]
    },
    {
        "id": "b1ddb72.d37ec48",
        "type": "debug",
        "z": "86fce88e.7b2fd8",
        "name": "",
        "active": false,
        "console": "false",
        "complete": "false",
        "x": 534,
        "y": 719,
        "wires": []
    },
    {
        "id": "cf445668.26cc88",
        "type": "debug",
        "z": "86fce88e.7b2fd8",
        "name": "",
        "active": true,
        "console": "false",
        "complete": "false",
        "x": 930,
        "y": 257,
        "wires": []
    },
    {
        "id": "49c75724.9c77f8",
        "type": "mqtt in",
        "z": "86fce88e.7b2fd8",
        "name": "",
        "topic": "fiap/lab/902/grupo/09/maquina/32/sensores",
        "qos": "2",
        "broker": "c801c932.de20b8",
        "x": 208,
        "y": 61,
        "wires": [
            [
                "57da2654.4f2188"
            ]
        ]
    },
    {
        "id": "87f645d3.619278",
        "type": "change",
        "z": "86fce88e.7b2fd8",
        "name": "",
        "rules": [
            {
                "t": "set",
                "p": "luz",
                "pt": "flow",
                "to": "payload",
                "tot": "msg"
            }
        ],
        "action": "",
        "property": "",
        "from": "",
        "to": "",
        "reg": false,
        "x": 663,
        "y": 26,
        "wires": [
            [
                "506650e6.3e85a"
            ]
        ]
    },
    {
        "id": "f74b8085.6d532",
        "type": "http in",
        "z": "86fce88e.7b2fd8",
        "name": "",
        "url": "/luz",
        "method": "get",
        "swaggerDoc": "",
        "x": 369,
        "y": 179,
        "wires": [
            [
                "17ac2487.c0116b"
            ]
        ]
    },
    {
        "id": "506650e6.3e85a",
        "type": "debug",
        "z": "86fce88e.7b2fd8",
        "name": "",
        "active": false,
        "console": "false",
        "complete": "payload",
        "x": 872,
        "y": 21,
        "wires": []
    },
    {
        "id": "17ac2487.c0116b",
        "type": "function",
        "z": "86fce88e.7b2fd8",
        "name": "Formata Saida",
        "func": "msg.headers = {\n    \"Content-Type\":\"application/json\",\n    \"Access-Control-Allow-Origin\":\"*\"\n}\nmsg.payload = flow.get(\"luz\");\nreturn msg;",
        "outputs": 1,
        "noerr": 0,
        "x": 593,
        "y": 211,
        "wires": [
            [
                "3bf35c7.7cf98a4",
                "cf445668.26cc88"
            ]
        ]
    },
    {
        "id": "57da2654.4f2188",
        "type": "function",
        "z": "86fce88e.7b2fd8",
        "name": "tira \"d\"",
        "func": "var payload = JSON.parse(msg.payload.trim());\nif(\"d\" in payload){\n    msg.payload = payload.d;\n    return msg;\n}else{\n    return undefined;\n}",
        "outputs": 1,
        "noerr": 0,
        "x": 480,
        "y": 42,
        "wires": [
            [
                "87f645d3.619278"
            ]
        ]
    }
]