[
    {
        "id": "5f1c7773.d4a648",
        "type": "tab",
        "label": "Flow 1"
    },
    {
        "id": "2dd89cd3.bf2834",
        "type": "tab",
        "label": "Flow 2"
    },
    {
        "id": "3d071720.195f88",
        "type": "serial-port",
        "z": "",
        "serialport": "",
        "serialbaud": "57600",
        "databits": "8",
        "parity": "none",
        "stopbits": "1",
        "newline": "\\n",
        "bin": "false",
        "out": "char",
        "addchar": false
    },
    {
        "id": "7d6823a3.32350c",
        "type": "mqtt-broker",
        "z": "",
        "broker": "localhost",
        "port": "1883",
        "clientid": "",
        "usetls": false,
        "compatmode": true,
        "keepalive": "60",
        "cleansession": true,
        "willTopic": "",
        "willQos": "0",
        "willPayload": "",
        "birthTopic": "",
        "birthQos": "0",
        "birthPayload": ""
    },
    {
        "id": "f2685557.ed0508",
        "type": "serial-port",
        "z": "",
        "serialport": "COM3",
        "serialbaud": "9600",
        "databits": "8",
        "parity": "none",
        "stopbits": "1",
        "newline": "\\n",
        "bin": "false",
        "out": "char",
        "addchar": false
    },
    {
        "id": "5f9804f9.0640bc",
        "type": "serial in",
        "z": "5f1c7773.d4a648",
        "name": "Arduino",
        "serial": "f2685557.ed0508",
        "x": 85,
        "y": 148,
        "wires": [
            [
                "f26b6749.6d4d78"
            ]
        ]
    },
    {
        "id": "f26b6749.6d4d78",
        "type": "function",
        "z": "5f1c7773.d4a648",
        "name": "Formata JSON d",
        "func": "msg.payload = {\"d\":msg.payload};\nreturn msg;",
        "outputs": 1,
        "noerr": 0,
        "x": 349,
        "y": 136,
        "wires": [
            [
                "71f26e40.e21e2"
            ]
        ]
    },
    {
        "id": "71f26e40.e21e2",
        "type": "mqtt out",
        "z": "5f1c7773.d4a648",
        "name": "",
        "topic": "fiap/lab/902/grupo/09/maquina/32/sensores",
        "qos": "1",
        "retain": "",
        "broker": "7d6823a3.32350c",
        "x": 608,
        "y": 68,
        "wires": []
    },
    {
        "id": "371ae647.0e46fa",
        "type": "inject",
        "z": "5f1c7773.d4a648",
        "name": "",
        "topic": "",
        "payload": "{\"luz\":650}",
        "payloadType": "json",
        "repeat": "",
        "crontab": "",
        "once": false,
        "x": 109,
        "y": 47,
        "wires": [
            [
                "f26b6749.6d4d78"
            ]
        ]
    },
    {
        "id": "4424031a.acaa5c",
        "type": "mqtt in",
        "z": "2dd89cd3.bf2834",
        "name": "",
        "topic": "fiap/lab/902/grupo/09/maquina/32/sensores",
        "qos": "2",
        "broker": "7d6823a3.32350c",
        "x": 220,
        "y": 70,
        "wires": [
            [
                "989551eb.132db"
            ]
        ]
    },
    {
        "id": "989551eb.132db",
        "type": "debug",
        "z": "2dd89cd3.bf2834",
        "name": "",
        "active": true,
        "console": "false",
        "complete": "false",
        "x": 645,
        "y": 125,
        "wires": []
    },
    {
        "id": "a4b2807b.51ed7",
        "type": "mqtt in",
        "z": "5f1c7773.d4a648",
        "name": "",
        "topic": "fiap/lab/902/grupo/09/maquina/32/comandos",
        "qos": "2",
        "broker": "7d6823a3.32350c",
        "x": 175,
        "y": 259,
        "wires": [
            [
                "7ab4f85a.5c4e38"
            ]
        ]
    },
    {
        "id": "7ab4f85a.5c4e38",
        "type": "function",
        "z": "5f1c7773.d4a648",
        "name": "Formata JSON cmd",
        "func": "var payload = JSON.parse(msg.payload.trim());\nif (\"cmd\" in payload){\n    msg.payload = payload.cmd;\n    return msg;\n}else{\n    return undefined;\n}",
        "outputs": 1,
        "noerr": 0,
        "x": 427,
        "y": 334,
        "wires": [
            [
                "5a667710.7f3538",
                "61f21a6.04e11e4"
            ]
        ]
    },
    {
        "id": "5a667710.7f3538",
        "type": "serial out",
        "z": "5f1c7773.d4a648",
        "name": "Arduino",
        "serial": "f2685557.ed0508",
        "x": 690,
        "y": 217,
        "wires": []
    },
    {
        "id": "64c7b509.84f12c",
        "type": "inject",
        "z": "5f1c7773.d4a648",
        "name": "",
        "topic": "",
        "payload": "{\"cmd\":{\"red\":200,\"green\":255,\"blue\":255}}",
        "payloadType": "str",
        "repeat": "",
        "crontab": "",
        "once": false,
        "x": 92,
        "y": 325,
        "wires": [
            [
                "7ab4f85a.5c4e38"
            ]
        ]
    },
    {
        "id": "61f21a6.04e11e4",
        "type": "debug",
        "z": "5f1c7773.d4a648",
        "name": "",
        "active": true,
        "console": "false",
        "complete": "false",
        "x": 653,
        "y": 364,
        "wires": []
    }
]